{"cameraMode":{"drawMode":0,"name":"Shaded","section":"Shading Mode"},"sceneLighting":true,"audioPlay":false,"sceneViewState":{"m_AlwaysRefresh":false,"showFog":true,"showSkybox":true,"showFlares":true,"showImageEffects":true,"showParticleSystems":true,"showVisualEffectGraphs":true,"m_FxEnabled":true},"in2DMode":false,"pivot":{"x":2.6762304306030275,"y":6.463890075683594,"z":4.2788472175598148},"rotation":{"x":-0.30137956142425539,"y":0.4046834409236908,"z":-0.14324529469013215,"w":-0.851418137550354},"size":3.8348026275634767,"orthographic":true}