{"cameraMode":{"drawMode":0,"name":"Shaded","section":"Shading Mode"},"sceneLighting":true,"audioPlay":false,"sceneViewState":{"m_AlwaysRefresh":false,"showFog":true,"showSkybox":true,"showFlares":true,"showImageEffects":true,"showParticleSystems":true,"showVisualEffectGraphs":true,"m_FxEnabled":true},"in2DMode":false,"pivot":{"x":1.761549711227417,"y":3.938045024871826,"z":-1.0670334100723267},"rotation":{"x":0.23965871334075929,"y":-0.3262336254119873,"z":0.08588051795959473,"w":0.9103856682777405},"size":0.8510286211967468,"orthographic":false}