{"cameraMode":{"drawMode":0,"name":"Shaded","section":"Shading Mode"},"sceneLighting":true,"audioPlay":false,"sceneViewState":{"m_AlwaysRefresh":false,"showFog":true,"showSkybox":true,"showFlares":true,"showImageEffects":true,"showParticleSystems":true,"showVisualEffectGraphs":true,"m_FxEnabled":true},"in2DMode":false,"pivot":{"x":-1.0210509300231934,"y":2.392368793487549,"z":7.588597297668457},"rotation":{"x":-0.25909537076950076,"y":0.42540812492370608,"z":-0.12852604687213899,"w":-0.8575594425201416},"size":3.5478482246398927,"orthographic":true}