{"cameraMode":{"drawMode":0,"name":"Shaded","section":"Shading Mode"},"sceneLighting":false,"audioPlay":false,"sceneViewState":{"m_AlwaysRefresh":false,"showFog":true,"showSkybox":false,"showFlares":true,"showImageEffects":true,"showParticleSystems":true,"showVisualEffectGraphs":true,"m_FxEnabled":true},"in2DMode":false,"pivot":{"x":-1.3459396362304688,"y":1.3396363258361817,"z":-2.7062501907348635},"rotation":{"x":0.09004146605730057,"y":-0.4549025893211365,"z":0.04627777636051178,"w":0.8847907185554504},"size":5.905189037322998,"orthographic":false}