{"cameraMode":{"drawMode":0,"name":"Shaded","section":"Shading Mode"},"sceneLighting":false,"audioPlay":false,"sceneViewState":{"m_AlwaysRefresh":false,"showFog":true,"showSkybox":false,"showFlares":true,"showImageEffects":true,"showParticleSystems":true,"showVisualEffectGraphs":true,"m_FxEnabled":true},"in2DMode":false,"pivot":{"x":-1.3406774997711182,"y":1.3723325729370118,"z":1.6135764122009278},"rotation":{"x":0.05868200957775116,"y":-0.4710788428783417,"z":0.0314144566655159,"w":0.8795965909957886},"size":4.4565348625183109,"orthographic":false}