{"cameraMode":{"drawMode":0,"name":"Shaded","section":"Shading Mode"},"sceneLighting":false,"audioPlay":false,"sceneViewState":{"m_AlwaysRefresh":false,"showFog":true,"showSkybox":false,"showFlares":true,"showImageEffects":true,"showParticleSystems":true,"showVisualEffectGraphs":true,"m_FxEnabled":true},"in2DMode":false,"pivot":{"x":0.03990250825881958,"y":0.2959051728248596,"z":2.384185791015625e-7},"rotation":{"x":-0.4455341100692749,"y":-0.23677439987659455,"z":0.12345186620950699,"w":-0.8545191884040833},"size":0.8832135796546936,"orthographic":false}